{"cameraMode":{"drawMode":0,"name":"Shaded","section":"Shading Mode"},"sceneLighting":false,"audioPlay":false,"sceneViewState":{"m_AlwaysRefresh":false,"showFog":true,"showSkybox":false,"showFlares":true,"showImageEffects":true,"showParticleSystems":true,"showVisualEffectGraphs":true,"m_FxEnabled":true},"in2DMode":false,"pivot":{"x":-0.07400000095367432,"y":4.193758487701416,"z":-1.2739777565002442},"rotation":{"x":-0.18370407819747926,"y":-0.02594301849603653,"z":0.00486646918579936,"w":-0.9826728701591492},"size":1.2244364023208619,"orthographic":false}