{"cameraMode":{"drawMode":0,"name":"Shaded","section":"Shading Mode"},"sceneLighting":false,"audioPlay":false,"sceneViewState":{"m_AlwaysRefresh":false,"showFog":true,"showSkybox":false,"showFlares":true,"showImageEffects":true,"showParticleSystems":true,"showVisualEffectGraphs":true,"m_FxEnabled":true},"in2DMode":false,"pivot":{"x":2.954291582107544,"y":-0.13663160800933839,"z":11.61043930053711},"rotation":{"x":0.030652331188321115,"y":-0.12653066217899323,"z":0.0038714108522981407,"w":0.9915600419044495},"size":7.629040718078613,"orthographic":false}