{"cameraMode":{"drawMode":0,"name":"Shaded","section":"Shading Mode"},"sceneLighting":false,"audioPlay":false,"sceneViewState":{"m_AlwaysRefresh":false,"showFog":true,"showSkybox":true,"showFlares":true,"showImageEffects":true,"showParticleSystems":true,"showVisualEffectGraphs":true,"m_FxEnabled":true},"in2DMode":false,"pivot":{"x":57.09663009643555,"y":11.500480651855469,"z":752.7440185546875},"rotation":{"x":0.020379986613988878,"y":-0.9749374985694885,"z":0.0976438820362091,"w":0.1997394561767578},"size":19.029874801635743,"orthographic":false}